	litmus7	PerpLE (Checker)	PerpLE (Heuristic)
10000	1.0	0.0212405820023	2.51500426095
100000	1.0	3.1009560845	2.97924664163
1000000	1.0	?	3.47731702064
10000000	1.0	?	3.36140699003
100000000	1.0	?	2.48203290038
