	PerpLE (Counter)	PerpLE (Heuristic)	litmus7
100	37569.0058031	78427.1827748	0.0	0
1k	4912.61640662	159921.326763	0.0	0
10k	1021.17028672	314063.728067	11905.5078898	26.3797001333
100k	0.0	247144.269297	672.444109853	367.531316992
1M	0.0	327051.369158	304.116710252	1075.41400434
10M	0.0	136369.614508	516.318371862	264.11923716
100M	0.0	198342.30984	709.987231976	279.360389747
